Id,ORGANIZATION,NAME,GENDER,SPECIALITY,ADDRESS,CITY,STATE,ZIP,LAT,LON,ENCOUNTERS,PROCEDURES
441a63fc-e6f9-3bfa-96a7-910e0c2a2112,74ab949d-17ac-3309-83a0-13b4405c66aa,Ted955 Reilly981,M,GENERAL PRACTICE,881 Main Street,Fitchburg,MA,01420,42.586487,-71.80521,618,0
33063f71-213d-3fd7-b5fd-23242bf934ae,17a4bae5-8b64-34d7-8144-b428be027bd0,Lindsay928 Ward668,M,GENERAL PRACTICE,512 MAIN STREET  SUITE 211,SHREWSBURY,MA,015456406,42.295109499999995,-71.71808471110307,15,0
828667f3-d807-3a33-9435-cfde8617db9f,4112b8b1-59df-3255-a7ca-f42ee0a4cb2e,Ambrose149 Feeney44,M,GENERAL PRACTICE,37 ROUTE 6A,SANDWICH,MA,025631801,41.766329400000004,-70.5147600346998,1,0
c380cb6a-96bc-3ca3-82d7-367ca9698252,e09d4c49-c2ef-3b0f-9a46-3719d9219306,Jules135 Emard19,M,GENERAL PRACTICE,60 HOSPITAL RD,LEOMINSTER,MA,014533290,42.54031915,-71.76312990486304,15,0
75e801f5-86f1-3887-a415-9aa262148b95,aa682136-a4df-3942-9f50-e6fcee6c0b73,Bradley693 Runolfsson901,M,GENERAL PRACTICE,501 CORDWAINER DRIVE,NORWELL,MA,020611630,42.1647071,-70.88149077838713,6,0
02d45369-b5a2-38fd-b5a2-e37fc82a7b94,42d4b607-f14d-370a-818e-40965685776c,Arlen68 Hettinger594,M,GENERAL PRACTICE,3 WASHINGTON ST STE 220,NORTH EASTON,MA,023561034,42.0667665,-71.1036592,95,0
b845197c-edfb-3b39-ad2f-24b6c5cbc1f4,ab701a70-a658-340e-8f69-ee196a7d40c6,Jolie499 Parisian75,F,GENERAL PRACTICE,484 RTE 134,WORCESTER,MA,016071728,42.2625621,-71.8018877,42,0
13461a6f-5704-3d41-9baf-6600efe60fbc,88e28a1c-aad9-36d0-832b-b579ecb95c3d,Anthony633 Toy286,M,GENERAL PRACTICE,14 MANNING AVENUE,LEOMINSTER,MA,014535768,42.5253035,-71.7584413,27,0
6ac3a9f7-91a8-3b98-ac28-172bc53641d3,2b376b69-72ac-3d68-aceb-018e82b8fc8f,Shaquita282 Klocko335,F,GENERAL PRACTICE,113 CENTRAL AVE,HYDE PARK,MA,021363021,42.26077065,-71.1187885119897,1,0
2e5ec442-5bcf-39ed-b3da-38b81de551d7,1311c44a-85cb-3aea-a143-e5d7892ced8b,Rudolf736 Reinger292,M,GENERAL PRACTICE,300 KENSINGTON AVE,SPRINGFIELD,MA,011071139,42.091896,-72.559437,60,0
497bea42-4ae8-39d8-8b53-6821a0cda230,667b46fe-0afa-3f70-a311-bbe3d52db050,Joshua658 Borer986,M,GENERAL PRACTICE,757 BOSTON POST RD,WORCESTER,MA,016071728,42.231371,-72.165386,2,0
3a6b7baf-da60-3f7d-8207-ef568c87c44d,775df862-d2d1-3a68-9814-043f6aa6ea66,Rueben647 Barrows492,M,GENERAL PRACTICE,770 CONVERSE ST,LONGMEADOW,MA,011061719,42.0639853,-72.5521444,1,0
dfa0f097-6575-3898-a538-d87fa1e64523,fe675917-7b09-3afd-a6e6-128cc4de4734,Chery887 Kohler843,F,GENERAL PRACTICE,319A ALLSTON STREET,BRIGHTON,MA,021357652,42.345093,-71.139804,1,0
d9ac32b1-ec84-33bb-9a94-fcbc30d590dc,bdc3ee76-9cf3-316d-b202-a8da1ea3fa20,Laverna97 Rippin620,F,GENERAL PRACTICE,130 RUMFORD AVENUE  SUITE 211,AUBURNDALE,MA,024661370,42.35853505,-71.24125521214887,2,0
0d899fa3-44dc-35b0-98d1-8a09b9d6a408,5d4da50c-8593-304f-b266-57d8f7d634a2,Danette111 Klein929,F,GENERAL PRACTICE,250 SHEARER ST,PALMER,MA,010691428,42.168634600000004,-72.33353526811578,8,0
3355d822-45c0-3364-8510-7341511da588,5fcff9db-16e4-3e56-aa78-abbc16338097,Margene509 Schamberger479,F,GENERAL PRACTICE,295 VARNUM AVE,WESTFORD,MA,018863513,42.5792583,-71.4378411,30,0
9652c976-7df0-3158-ac79-bc551732fc26,fa09396a-2926-3b21-ad0c-9f6cabbce0eb,Brigitte394 Bartoletti50,F,GENERAL PRACTICE,1210 BOSTON PROVIDENCE TPKE,NORWOOD,MA,020625061,42.1714075,-71.1951186,1,0
57b645ae-8b12-3b4b-a566-3e82fa5902d1,40c01d75-1542-3e0b-8e5f-78d3031beba1,Daysi106 Reynolds644,F,GENERAL PRACTICE,505 PARADISE RD,SALEM,MA,019704267,42.485927,-70.900301,18,0
4b039695-14dc-3e18-8b64-c823d761a2f7,8fed5af6-8e61-33f5-9835-e5d3ac5fdd4a,Thersa321 Farrell962,F,GENERAL PRACTICE,11 SAINT ANTHONY ST,CHICOPEE,MA,010132141,42.1813162,-72.61495050899758,1,0
e5638d98-64e1-3eec-9561-07bb6bd17b8d,1ddd51d1-7297-3c3b-bad5-98aecd5e4a79,Dinah304 Kub800,F,GENERAL PRACTICE,127 CAMBRIDGE STREET  SUTIE #2B,BURLINGTON,MA,018033735,42.50188325,-71.19559351572005,8,0
cdef98eb-d9c3-36e6-a04c-d78abd1498bc,4cb90b5f-734d-322f-a2f2-776824e1ce35,Lesha323 Emard19,F,GENERAL PRACTICE,770 CONVERSE STREET,LONGMEADOW,MA,011061719,42.0639853,-72.5521444,16,0
a3b6b3ac-5fd4-3371-9f2a-ef9e464dac8e,2e1eaaf1-ebb0-332c-8921-f48e15b91879,Rebeca548 Venegas795,F,GENERAL PRACTICE,2 SEAPORT DRIVE,QUINCY,MA,021711599,42.29287335,-71.03019020136307,5,0
24e4a2a4-e437-3d84-aba9-aca59a2dc0f8,c272e12f-e154-3fee-b05d-b7c0cab2657d,Trinidad33 King743,M,GENERAL PRACTICE,800 WASHINGTON ST,NORWOOD,MA,020623487,42.1886973,-71.2005241,74,0
e00916df-aca6-364e-a1a5-ad2154595994,2cf06ddc-4c55-3c91-98f1-fb0188079c27,Alena861 Rolfson709,F,GENERAL PRACTICE,10 VETERANS MEMORIAL DRIVE,MILFORD,MA,017572900,42.14682295,-71.50153080894427,1,0
819ae5a0-98bc-3130-ad80-1fa7d09d3e1a,02c936e2-3aee-38b2-88a4-81f3689b7bb7,Aaron697 Kohler843,M,GENERAL PRACTICE,120 FISHER AVENUE,BOSTON,MA,021203320,42.3276141,-71.1051603,2,0
1a332c84-c515-3655-ba08-9b8723c8de31,5f7663da-4b19-3629-b8f2-fb07d75421d9,Buck819 Johnson679,M,GENERAL PRACTICE,42 ASBURY ST,SOUTH HAMILTON,MA,019821808,42.61322825,-70.87300675048934,30,0
ad0341f1-23f0-37f0-b99d-bbd5de1841e0,5fa5e611-be3d-3ebb-8f71-124325f6005f,Rodrigo242 Elizondo706,M,GENERAL PRACTICE,480 ROUTE 6A,EAST SANDWICH,MA,025371438,41.742172,-70.45251,81,0
8194738f-9e50-3127-b5e8-c29a99ff25d2,05137a62-1a8f-34ff-8baf-a0c35c238ea0,Houston994 Olson653,M,GENERAL PRACTICE,750  ATTUCKS LANE,HYANNIS,MA,026011950,41.676027500000004,-70.29727035,9,0
f7226ff4-1242-3467-bdc1-6cefa386f194,ede4a423-6258-3ef5-b5ba-0fa6bb579563,Olinda137 Paucek755,F,GENERAL PRACTICE,326 NICHOLS ROAD,FITCHBURG,MA,014205478,42.5974358,-71.80761197366103,61,0
8e730b48-7be5-36c8-97f6-36a32e216996,a14e698d-a9ba-3eae-9c8b-682ec726433d,Karla801 Cummerata161,F,GENERAL PRACTICE,776 WESTERN AVE,LYNN,MA,019052408,42.466763,-70.9494939,11,0
f565ee38-e0e4-36ad-add6-90a08d6ae039,a7147477-c4dd-3018-b921-2707d7e098ee,Chrystal576 Kreiger457,F,GENERAL PRACTICE,164 PARKINGWAY,QUINCY,MA,021695020,42.245070088637796,-71.00313070924581,3,0
86b5ec86-ce1e-34f6-8577-7984d838d31f,5ba6765a-f335-36b0-9c6a-6bb494c5330d,Pablo44 Solís294,M,GENERAL PRACTICE,31 OLD ROUTE 7,WESTWOOD,MA,020902333,42.2139873,-71.2244987,2,0
608314a2-1a9f-3eb6-9fbc-a41551755797,b6eeaaf7-1683-3bcb-b6ee-81ce304636ef,Ariane992 Pagac496,F,GENERAL PRACTICE,170 GOVERNORS AVE,MELROSE,MA,021763225,42.4564323,-71.064182,54,0
22b43737-2985-35c3-a3b6-8606af306d04,b03b624d-c939-3688-986d-9555b8009a3b,Trinity427 Hartmann983,F,GENERAL PRACTICE,230 MAPLE ST,HOLYOKE,MA,010405144,42.207406,-72.608419,114,0
7f003807-2734-3863-aa67-480d102b84b2,d3085315-9893-34c7-8889-3a31dc17c2b0,Felipe97 Laureano185,M,GENERAL PRACTICE,1428 MAIN ST STE 7,WALPOLE,MA,020811729,42.1325911,-71.2618886,95,0
256beec3-b26c-30a5-9d24-b529b4641932,76281d34-caff-30e0-8545-bcdf33182109,Jane262 Schmeler639,F,GENERAL PRACTICE,500 WILBUR AVENUE,SOMERSET,MA,027252051,41.72075205,-71.16843052114558,2,0
036bdcf7-2c09-3abc-9d0a-bb9f4c272c9a,b3ada130-6443-3a8e-98c7-4ec127a2b0c4,Natalya468 Haley279,F,GENERAL PRACTICE,ONE GREAT ROAD,ACTON,MA,017205601,42.4850931,-71.43284,4,0
ba835133-b460-3f68-a62f-6adeeb4718aa,7489f6e0-fee6-3fff-90b6-444868eb907c,Kasey569 Rau926,M,GENERAL PRACTICE,1 KIDDIE DRIVE  SUITE 106,AVON,MA,023221182,42.130150349999994,-71.05720685110387,4,0
59574daa-3869-321b-8016-1039c90ee3a4,acffdfa8-1383-3929-8c99-e73969491439,Iva908 O'Keefe54,F,GENERAL PRACTICE,1153 CENTRE ST,BOSTON,MA,021303446,42.3017598,-71.12855793387442,86,0
ae5f3c68-4f9e-38f4-8400-1cecb78a944e,1e11392b-1278-3e70-93cd-f396cbd0c265,Gerry91 Block661,F,GENERAL PRACTICE,115 LINCOLN ST,NATICK,MA,017607700,42.2843753,-71.3441395,37,0
8c25ce09-81e5-3986-bced-3726e796e8ad,0fedae9f-701f-3317-9b2f-69aea2202cdc,Willian804 Batz141,M,GENERAL PRACTICE,88 EAST NEWTON STREET,WINTHROP,MA,021522715,42.3750976,-70.982827,80,0
ec1c34ea-8ad2-3828-aa23-03948f864426,0cc04ba5-137a-3ef8-acda-e79b25960b2a,Bernardo699 Homenick806,M,GENERAL PRACTICE,25 ADAMS ROAD,WILLIAMSTOWN,MA,012672928,42.7009605,-73.18515951851253,5,0
24169feb-3c92-3563-81fc-f0262ce7587f,9ab139f5-d278-31b4-b44e-feffdea65613,Dexter530 White193,M,GENERAL PRACTICE,88 ROUTE 6A 101,SANDWICH,MA,025631866,41.764922,-70.502215,6,0
87aa009f-a044-3065-ba83-fefdc6f8c61c,5c2e4b0c-fb84-3f95-bbec-a96c18600bf5,Earleen680 Schneider199,F,GENERAL PRACTICE,61 COOPER ST,AGAWAM,MA,010012149,42.0804485,-72.61914987322373,1,0
bbbdee92-a83e-302d-9db5-78c58f23997b,a3327df4-d092-350b-b551-e60c82076c9a,King743 Predovic534,M,GENERAL PRACTICE,46 NORTH MAIN ST,W BROOKFIELD,MA,015853232,42.23754835,-72.13791547215251,35,0
f5b79b51-eedd-3846-82a3-66fb781e2644,96e9e829-0b71-3ad3-8b41-60e25b5d47d7,Lesley194 Crooks415,F,GENERAL PRACTICE,111 ORIENT AVE,EAST BOSTON,MA,021281006,42.39055278090538,-71.00587148689957,1,0
12ffda52-d6e9-3d62-9bb9-ca70fce51021,e59fb2d5-508c-38c6-af2e-21d8216dd2b0,Nicholle822 Fisher429,F,GENERAL PRACTICE,759 CHESTNUT ST,WARE,MA,010821625,42.256476,-72.237482,557,0
3d6c0f8b-af81-31bd-a9b1-7ae8e8776bb4,ecadbc11-930c-3903-b706-f8ef4bc9089e,Erwin847 Baumbach677,M,GENERAL PRACTICE,780 CHESTNUT ST,SPRINGFIELD,MA,011031109,42.1211633,-72.60614164702717,97,0
65a0e11b-8615-3439-9964-2fb40e830ad0,0f9d1260-db33-3483-b2b6-5483cfcb739c,Felipe97 Lebsack687,M,GENERAL PRACTICE,361 WOODWARD ST,WABAN,MA,024682027,42.326011949999994,-71.2254251580706,64,0
db44e439-6992-38b2-b060-60fe1502429e,ad007cc5-a3df-3aa7-886d-5123ab59d189,Tiesha180 Maggio310,F,GENERAL PRACTICE,85 N WASHINGTON ST,NORTH ATTLEBORO,MA,027601634,41.98443775,-71.33190349847027,3,0
79d721c4-9ea4-3ba7-ab53-7c6bcaafd270,794b1cc2-97be-30a4-83a0-4bf6add43c74,Lillia547 Gutmann970,F,GENERAL PRACTICE,215 THATCHER STREET,BROCKTON,MA,023023949,42.0740963,-70.99660306096918,8,0
cf3951ee-48e5-32b9-9e1a-a69099db0eaa,440fa4b8-c731-3cf5-81d9-aa3f30a37b95,Bennie663 Abbott774,M,GENERAL PRACTICE,41 & 45 MALL ROAD,PEABODY,MA,019602901,42.5278731,-70.9286609,400,0
5f2debba-44b2-3473-82b7-18ce69e360b8,a1434ca1-a1ac-3884-abc7-fc4c35cc8b68,Guillermo498 Dietrich576,M,GENERAL PRACTICE,390 ORLEANS ROAD,NORTH CHATHAM,MA,026501154,41.700306363636365,-69.96549390909091,4,0
c72efd75-0f5b-3e1b-ab8b-0b37e1d02ced,0fab3c4e-a028-39a6-b15a-be5a88b6aa2a,Miyoko154 Paucek755,F,GENERAL PRACTICE,222 STATE STREET,LUDLOW,MA,010563437,42.15547415,-72.47222226666076,328,0
95e0c21d-7e19-36fe-8ae2-0efc5a1cbe33,3b021cb6-4745-3d9d-8436-230055f770bd,Eleni953 Franecki195,F,GENERAL PRACTICE,148 CHESTNUT ST,NEEDHAM,MA,024943238,42.27728075,-71.23665362814043,53,0
89fe7004-52e2-3846-934f-c4f73a547784,7b95b4ab-5bb6-3abc-b0e5-02689f84228d,Philip822 Beatty507,M,GENERAL PRACTICE,20 POND MEADOW DR,READING,MA,018673261,42.516645499999996,-71.09917578750729,19,0
144ad85a-da8f-309b-9289-11fbfaa1a121,6b209cfb-56fd-31b8-895e-c936839bfa1d,Colton403 Glover433,M,GENERAL PRACTICE,37 BIRCH ST,MILFORD,MA,017575501,42.1424349,-71.48943173357203,16,0
1fee84f3-9ce9-3d59-8c2f-7fef265e4187,ce53c877-0290-390a-b4b4-2462001a1713,Anabel269 Hilll811,F,GENERAL PRACTICE,847 ROGERS STREET  SUITE 201,LOWELL,MA,018524345,42.6275246,-71.27673639687623,1,0
4612d435-3df3-311c-b291-6feb54802c3c,2befa435-3070-3350-a15c-e43ac1e84b24,Teressa589 Schuster709,F,GENERAL PRACTICE,575 BEECH STREET,HOLYOKE,MA,010406604,42.20105435,-72.628169560868,61,0
a0bdf467-a226-3ade-bd24-c8f0e191d04a,00ffb204-07b4-3c72-a678-fa252e6cf86c,Kathlene786 Satterfield305,F,GENERAL PRACTICE,450 BEDFORD ST,LEXINGTON,MA,02420,42.47370735,-71.25090005,69,0
b96a3142-a57d-3112-bd51-537e83e99f56,b8421363-9807-3b16-a146-95336eea5cfb,Saundra460 Kuphal363,F,GENERAL PRACTICE,30 LOCUST ST,NORTHAMPTON,MA,010602052,42.33032115,-72.65330802608176,57,0
66f25997-ce90-3a88-89c5-d6d02e5266a5,8424b5ec-ba0a-32e9-94ae-a9d397884093,Ileen763 Casper496,F,GENERAL PRACTICE,49 BLANCHARD STREET  SUITE 101,LAWRENCE,MA,018431456,42.69651155,-71.1612176954981,35,0
4c9988b4-1ccd-3c2c-8706-45430adfa08c,cf188e5a-8e03-39fa-9b64-542d64aff1eb,Clyde817 Schroeder447,M,GENERAL PRACTICE,300 BARBER AVE,WORCESTER,MA,016062476,42.295748599999996,-71.7982883685108,1,0
4ebdb863-2987-3163-a930-ccf3acc8cb88,e854f053-5621-31fa-afa1-29040b0d7466,Zane918 Ferry570,M,GENERAL PRACTICE,1575 BLUE HILL AVE,BOSTON,MA,021262122,42.2698727,-71.0940406,2,0
54906a8b-440e-3f3d-bb11-47fda5b0fd6c,1563fcb4-76a9-3ea4-863d-e276f38b9b3e,Carrol931 McCullough561,M,GENERAL PRACTICE,700 ESSEX STREET,LAWRENCE,MA,018414396,42.7020708,-71.17231,44,0
0cf0330a-a3ed-3bbd-81e1-47a6cf1461cf,901c2d40-1ca3-3879-9a20-c663b8adc0a9,Chanelle850 Schuster709,F,GENERAL PRACTICE,800 WASHINGTON STREET,STONEHAM,MA,021802445,42.4863168,-71.0928919,31,0
691258e0-0def-31b3-8fac-fdbfb6918c4c,b9e35b8a-9831-32d8-a6dc-d7a546c126b0,Domenic627 Blick895,M,GENERAL PRACTICE,111 HUNTOON MEMORIAL HIGHWAY  1ST FLOOR,SPRINGFIELD,MA,011092550,42.1018764,-72.5886727,85,0
51785b37-9a4f-3c0b-a95c-854c20b551cb,22249c0a-8ce9-3726-a3bb-b037c773ce5c,Alberto639 Jurado563,M,GENERAL PRACTICE,337 NEPONSET AVENUE,DORCHESTER,MA,021223103,42.2875144,-71.0470691675753,5,0
bc84a030-f144-31ad-9467-1a7cea44549f,18df2721-3f76-3f83-94d5-63597cedd298,Kylee806 Romaguera67,F,GENERAL PRACTICE,909 SUMNER ST,STOUGHTON,MA,020723396,42.1005097,-71.0830269025407,357,0
c2f50fd5-be6f-3838-a468-6f03f4a3a36b,27bf2e46-7445-35e7-9106-3ce1b074db47,Kathryn101 Donnelly343,F,GENERAL PRACTICE,80 BOSTON RD,NORTH BILLERICA,MA,018621034,42.5871093,-71.2948553,1,0
48655460-d227-38d1-8df9-35ae1480dd40,e1818b21-4458-3b9c-b2b8-7ed6f57ae078,Sid118 Wilderman619,M,GENERAL PRACTICE,2399 BOSTON ROAD,WILBRAHAM,MA,010951185,42.14668485,-72.45048427046072,96,0
2950f6fc-6c2b-3113-8385-bd43ce4dee42,328f813e-4de8-3ec2-a113-43f3ddfb0b2a,Eldridge510 Roob72,M,GENERAL PRACTICE,30-40 WESTPARK STREET,BROCKTON,MA,023015241,42.0834335,-71.0183787,78,0
75cbf9ea-8e1e-3da4-aaad-f33cadeb14c0,36d96ba1-1b43-3fda-b4b0-84205d5b3a16,Kurtis994 O'Conner199,M,GENERAL PRACTICE,10 BELLAMY ST,BRIGHTON,MA,021351502,42.354847649999996,-71.16853348093532,6,0
5eb16a33-a2c2-3d45-9f4d-33e2f34e212b,f2068cee-c75c-321d-9b2c-c33535db89c9,Octavio643 Prosacco716,M,GENERAL PRACTICE,32 BOSSI AVE,RANDOLPH,MA,023682002,42.20017865,-71.0582074,43,0
ffc8c66f-88a4-32f0-87d4-aa8a7a9bfaa4,5018c664-e283-30eb-932a-529d9a19b3b5,Alberto639 Monroy712,M,GENERAL PRACTICE,300 SOUTH ST,WOBURN,MA,018014979,42.473347,-71.144086,31,0
04dc3baa-f26d-3bfb-88e9-f8b6c55c8724,4ff3563e-f909-3a06-902d-26c28d9d5355,Kirk871 Cormier289,M,GENERAL PRACTICE,876 FALMOUTH RD,HYANNIS,MA,026012322,41.6619029,-70.31909857281401,2,0
47734f4a-b8f2-3241-95d3-415bfb666b20,d4e48a16-0a60-3e90-81e5-c35b22ffe6af,Elmer371 Kutch271,F,GENERAL PRACTICE,856 STATE RD,NORTH ADAMS,MA,012473027,42.69967208677275,-73.16330754755236,5,0
52f59e0b-a718-3fea-a02d-25a3845aefbd,39c15c0f-5c49-311e-99d2-1fb99d80e06e,Salvador46 Homenick806,M,GENERAL PRACTICE,398 NEPONSET AVE,DORCHESTER,MA,021223134,42.286764399999996,-71.04402811508834,20,0
c3be8ef2-874b-350f-928d-968b58030e3f,bccd7d67-203c-3d93-b6b0-bff5a146cd1d,Courtney281 Kihn564,M,GENERAL PRACTICE,286 WASHINGTON ST,STOUGHTON,MA,020721763,42.1384306,-71.1022598,39,0
f7778cb7-9eef-3058-9f5b-60e78d26c82a,63cb4d95-04a9-3a35-b5d9-f89e0377a48d,Thanh759 Weber641,M,GENERAL PRACTICE,211 PARK ST,ATTLEBORO,MA,027033143,41.9419187,-71.2752081695297,149,0
dc459997-ab58-3077-915b-93f35a7e6992,263d1b03-1560-3fc3-b93d-c33a0cbd5837,Nam74 Treutel973,F,GENERAL PRACTICE,10 RIVERSIDE DRIVE  STE 201,LAKEVILLE,MA,023471689,41.8771119,-70.92344635,6,0
47070ea3-6743-3608-8d66-dfbb3e362364,a2a41caf-758f-3962-8e5f-e6e603f93d17,Noelle559 Padberg411,F,GENERAL PRACTICE,111 HUNTOON MEMORIAL HWY,ROCHDALE,MA,015421305,42.2020225,-71.89891616754682,227,0
f236ad15-cec9-306f-af5c-bc00bbe55fac,db28cc9a-fdfb-35a6-aef7-ab9b933ef244,Clement78 Gleason633,M,GENERAL PRACTICE,8 DANA STREET,CAMBRIDGE,MA,021385402,42.3694992,-71.11011030010101,20,0
d2016821-9028-373e-9b8c-21f9c1e58c45,844a8cb2-4164-35b2-88b8-dffa2889a738,Alonzo487 Conn188,M,GENERAL PRACTICE,150 UNIVERSITY DRIVE,AMHERST,MA,010022232,42.368937,-72.53247107203978,5,0
19c270df-541a-3a1b-b1ea-fe640673e308,a6fb79e7-4abb-3a68-b62d-e501427fdca4,Barb55 Renner328,F,GENERAL PRACTICE,489 WASHINGTON ST STE 202,AUBURN,MA,015015709,42.187836,-71.83104,117,0
e0670137-bc85-3e4a-ad81-21f1f4f91667,9d0e702d-50a0-3f4c-9126-0951d560fd4b,Hellen346 Roberts511,F,GENERAL PRACTICE,189 MAY ST,WORCESTER,MA,016024339,42.25986305,-71.83597786023279,164,0
c586015a-4185-3dfa-bb69-2bfd198cf4b2,ea8d287f-b3a9-3800-8798-788e334ee406,Palmer257 Kuphal363,M,GENERAL PRACTICE,81 HIGHLAND AVE,SWAMPSCOTT,MA,019072928,42.4699241,-70.9171507,157,0
1ef159b6-55e1-36dd-9ac7-5485ff5cc0c6,c7542447-e06e-32cb-b6db-243c23a0dbc2,Carson894 Krajcik437,M,GENERAL PRACTICE,30 WARREN ST,BOSTON,MA,021353602,42.3501483,-71.14393324457691,214,0
289a9d80-f6bc-3565-a851-b9f20b716068,8bf5325a-c11b-35c4-b07d-17a5aeba8353,Penni796 Okuneva707,F,GENERAL PRACTICE,815 WORCESTER STREET,SPRINGFIELD,MA,011511001,42.1018764,-72.5886727,1,0
756bb64c-8846-3985-b604-57a6abb9510f,46375470-1e20-3ddc-8dc5-010ba53826b6,Clara183 Reynolds644,F,GENERAL PRACTICE,40 WRIGHT ST,PALMER,MA,010691138,42.16934095,-72.34120457065711,1496,0
a4df5d93-3aa4-3f00-9926-9ff4ece4e048,9d2a1656-0f4d-30d1-bc63-eb365a05529c,Maynard46 Ward668,M,GENERAL PRACTICE,235 N PEARL ST,BROCKTON,MA,023011794,42.09805395,-71.0609587194362,606,0
177d4ebb-e360-3579-bf97-773e80a04e1f,aba3e6f6-4562-342e-b90f-dd61b117f394,Norbert530 White193,M,GENERAL PRACTICE,438 CHESTNUT STREET,SPRINGFIELD,MA,011072008,42.11291091861002,-72.59692685125127,62,0
0b47688d-6867-32de-ae85-fdf205145547,72f50aa0-d8c9-34dc-ac58-c428323f3bcd,Danuta945 Little434,F,GENERAL PRACTICE,55 FRUIT ST,BOSTON,MA,021142696,42.36286045,-71.06875296664998,42,0
75b79829-fdd2-344e-93ea-876ad4b5b5c8,eee00932-ca82-36bc-b7e8-e3fff6dbaeaa,Cira533 Hane680,F,GENERAL PRACTICE,450 BROOKLINE AVE,WEYMOUTH,MA,021893141,42.2212188,-70.9391625,129,0
40b53cbd-b56c-3024-b404-7159677562e4,be509ccb-bfb7-3b87-8945-8426b689ef9d,Chong355 Balistreri607,F,GENERAL PRACTICE,2049 DORCHESTER AVENUE,BOSTON,MA,021244742,42.3554334,-71.060511,3,0
f85f3c1b-fcfd-3e7d-afa9-cdafc6dc5fc0,f087b01f-da5c-3db6-bb6d-8a3cf3e630c5,Serena400 Littel644,F,GENERAL PRACTICE,255 PARK AVE,WORCESTER,MA,016091989,42.26491135,-71.8185187,50,0
bf76f232-d56f-3acf-8ee3-f079bbfea5cf,065eba51-cef7-3976-8654-ba8e7df887ce,Lyndon118 Block661,M,GENERAL PRACTICE,1165 NORTH PLEASANT STREET,AMHERST,MA,01002,42.40927615,-72.52971238527101,1,0
4d0e7077-7c64-365e-b28b-31de6eb08382,6873525f-1680-3ceb-b536-270d44b46e2e,Lai148 Nicolas769,F,GENERAL PRACTICE,500 COLUMBIA RD,DORCHESTER,MA,021252322,42.3147979,-71.067633,35,0
af8e4d83-6db6-3143-8b3b-4df658e8e7e5,f8918a95-31e8-3ac4-8d12-29ca6080ebda,Domitila545 Vandervort697,F,GENERAL PRACTICE,199 REEDSDALE RD,MILTON,MA,021863926,42.251368299999996,-71.0768393856917,215,0
7531e680-e567-3c89-baeb-ef0e64549f4b,bce5b907-584b-345d-bbcf-912cf56cb6c3,Katia630 Parisian75,F,GENERAL PRACTICE,11-15 SANDERSDALE ROAD,WORCESTER,MA,016032467,42.0667952,-72.0084995,39,0
bd20b392-257e-3121-8428-022ed1ff9e17,9cec3b3c-fe3f-344e-b9c3-e414dafcd19f,Salvador46 Báez684,M,GENERAL PRACTICE,120 MAIN ST,MALDEN,MA,021486904,42.41918695,-71.06618960434116,1,0
6ebfadcb-65ab-3001-95b5-4198b6c3d32d,8d5880eb-1dd8-31ea-b7c5-21709f3bb341,Nicholle822 Satterfield305,F,GENERAL PRACTICE,50 ROWE ST,MELROSE,MA,021763201,42.4592093,-71.06078096379728,63,0
09621b89-7187-394b-a596-6c1af67bcab6,0ec04450-c150-322d-b2c3-1449d672a23c,Yolando662 Huels583,F,GENERAL PRACTICE,110 W SQUANTUM ST,NORTH QUINCY,MA,021712122,42.27259075,-71.03082765,28,0
67e13142-e051-347e-9b66-c358db9885ce,fd650ebc-a642-3818-b073-692473cd31f1,Larisa542 Kris249,F,GENERAL PRACTICE,900 CUMMING CENTER,BEVERLY,MA,019156181,42.5584284,-70.8800491,85,0
dedc7a2e-66d2-31cc-99f5-8ecdcc93c43c,70e3ad4f-b9ff-3f3e-9990-2cd7e23a9d1c,Zane918 Bosco882,M,GENERAL PRACTICE,1238 RIVERDALE ST,WEST SPRINGFIELD,MA,010894675,42.1373438,-72.62624707492338,11,0
dab9b07e-a238-39dc-aba4-07bfe9d9115b,80458ace-5754-39b0-807a-1a5b119cb5bb,Wilbert25 Nolan344,M,GENERAL PRACTICE,11 PONTIAC AVE,WEBSTER,MA,015701629,42.06282535,-71.87016198711046,1,0
c54a38d6-92a3-3be9-96a7-6d4597f14f2e,7e8bd0f2-2746-355e-92ef-9473818c58a2,Suanne858 Okuneva707,F,GENERAL PRACTICE,90 SUTTON STREET  SUITE 3-4,NORTH ANDOVER,MA,018451655,42.705281049999996,-71.13643624887442,5,0
b6ee9853-ecd3-378b-b083-3ec68699cd9c,dd280187-8662-3732-af81-595d10572911,Mertie42 Lakin515,F,GENERAL PRACTICE,4499 ACUSHNET AVE,NEW BEDFORD,MA,027454707,41.74026055,-70.9450945705336,101,0
cdfe9ec3-5bfa-33d9-a622-be201bc295a5,a6964d47-8af0-3df2-b99d-d8414eb1cfa3,Reggie481 Schiller186,M,GENERAL PRACTICE,200 MAY ST,SOUTH ATTLEBORO,MA,027035520,41.924394750000005,-71.36076410900014,138,0
b1121d1c-c5e4-36d6-bbae-f9dc85e5de2b,004554b4-3068-3938-832d-fa7cbe1cd1fb,Luba688 Littel644,F,GENERAL PRACTICE,25 STONEHAVEN DRIVE,WEYMOUTH,MA,021903951,42.1589443,-70.94970431672323,10,0
f54d41c3-4ab5-3afb-881f-377bb5cdf75b,dae3ee01-f383-366e-9ad6-dc92963064ea,Orville751 Will178,M,GENERAL PRACTICE,1233 MAIN ST,HOLYOKE,MA,010405381,42.16578055,-72.63389634691956,109,0
d29f9084-8ff6-37af-9eba-1f684024f6d0,2c708a72-2e25-36a1-8209-d2a708874eff,Eusebio566 Strosin214,M,GENERAL PRACTICE,1324 BELMONT STREET #202,BROCKTON,MA,023014435,42.057156895761736,-71.06994368825448,8,0
28039be5-4510-328d-8278-12ee04136d0e,371948e4-733a-33b6-a835-68abefdeb59f,Roxanna261 Gleichner915,F,GENERAL PRACTICE,197 ADAMS RD,WILLIAMSTOWN,MA,012672930,42.704126099999996,-73.19043030392987,29,0
02ea78b7-7e2d-363d-af87-9b57b5210682,744bdf85-6223-367c-b1ab-e8c8e0a5eb28,Waylon572 Hammes673,M,GENERAL PRACTICE,2 REEDSDALE RD,MILTON,MA,021863800,42.258080449999994,-71.08070895097364,40,0
e326ecdc-69d4-39fe-8e90-1f45cce2c15b,63b4f233-fb49-3b1e-a17c-2d572367b131,Tanika746 Baumbach677,F,GENERAL PRACTICE,2222 CENTRE STREET,WEST ROXBURY,MA,021324034,42.27370345,-71.15856364656862,1,0
be117b58-bbae-36f4-932b-d0a9aa5aa6b1,9d989fcf-4ad9-3972-ada3-f275d967781e,Cristi782 Miller503,F,GENERAL PRACTICE,100 TER HEUN DR,SANDWICH,MA,025632377,41.7579043,-70.4968152,148,0
2b06d486-e1f8-3d0a-8f17-71f572b98bb5,af3871c3-2098-3051-bcb7-8a919e194a16,Stephane228 O'Conner199,F,GENERAL PRACTICE,97 LIBBEY PKWY,WEYMOUTH,MA,021893110,42.19322885,-70.94589987654936,77,0
6fc3e51e-c11d-3d2c-a735-a6b0e1b5fbfa,a2cc09de-c1e2-3126-8c09-d49f95225281,Darnell564 Leannon79,M,GENERAL PRACTICE,300 LONGWOOD AVE,WALTHAM,MA,024532741,42.3756401,-71.2358004,118,0
ed65503e-e0b9-3156-b9df-7211dd3d93e4,175787c9-37d1-308a-9d33-a6ff513ee320,Pablo44 Roob72,M,GENERAL PRACTICE,804 PLEASANT ST,BROCKTON,MA,023013055,42.08723215,-71.05285860302956,3,0
8ffa9ecf-0c4f-36f6-b9ac-b9c4936d5908,c5306a86-09a1-32d9-875a-67ef56e131c0,Earnest658 Gutkowski940,M,GENERAL PRACTICE,242 SUTTON ST,NORTH ANDOVER,MA,018451631,42.70773345,-71.1300651,46,0
999fa988-bf65-3da0-9692-3c5542ba3f22,f341c366-8313-3790-ab26-d8d27b116ff5,Odell776 Greenholt190,F,GENERAL PRACTICE,80 LINCOLN STREET,WALTHAM,MA,024535465,42.39322121170625,-71.24104146434591,62,0
b0d2f283-a20a-33cd-b79d-61c6041f52e3,f312977e-8f41-3816-84cc-e5b12ba36955,Harlan808 Langosh790,M,GENERAL PRACTICE,1153 CENTRE ST,JAMAICA PLAIN,MA,021303446,42.3017598,-71.12855793387442,5,0
15e9aacd-f7f0-3423-b7ef-d8a2c8b0dc18,0519b293-2e92-3eb3-aeef-233da0babc93,Joslyn677 Friesen796,F,GENERAL PRACTICE,40 PARKHURST ROAD,CHELMSFORD,MA,018241511,42.6198215,-71.36189212971482,2,0
4a9bccd2-8156-3b11-b919-8fc37b86f988,bebc1dac-6c42-3225-b0ba-23278cdf2a62,Cherry401 Hackett68,F,GENERAL PRACTICE,464 MAIN STREET,AGAWAM,MA,010011826,42.07695165,-72.62026217030348,1,0
82c1be44-124c-3d48-856c-9d1dcd315183,5a6fa8a5-90e2-3f70-bb3e-3d9dd7ad2f96,Myrle831 D'Amore443,F,GENERAL PRACTICE,44 NEW LOMBARD RD,CHICOPEE,MA,010204857,42.1678446,-72.54203576723424,4,0
23e7d743-9d41-34f9-9efc-0a4ee002a379,d13ac855-c068-3b57-8d65-fc3c90f32558,Mertie42 Orn563,F,GENERAL PRACTICE,383 SOUTH ORLEANS ROAD,BREWSTER,MA,026312870,41.738964949999996,-70.00124453922743,2,0
9fa459d1-173b-369a-8a22-2beab10f44e2,afc661fd-71d9-3fc3-adf2-3fc3b5e8a140,Leontine92 Schmeler639,F,GENERAL PRACTICE,680 CENTRE ST,RAYNHAM,MA,02767,41.9487118,-71.0731008,62,0
43bf7a43-3631-3f6c-b1ff-8c265d967125,06cc2462-430f-3322-9c87-7e971125f510,Kai187 Mann644,F,GENERAL PRACTICE,133 OLD ROAD TO 9 ACRE COR,WESTFORD,MA,018863198,42.5792583,-71.4378411,27,0
25d85001-8247-3230-9761-2c872cd470ca,ee7fab6f-6438-394f-b1f2-3e452f8f055a,Felipe97 Calderón210,M,GENERAL PRACTICE,75 BRIMBAL AVENUE,BEVERLY,MA,019156009,42.570099299999995,-70.87108224250409,4,0
13b6dbc6-5964-31f2-bd98-218741638d2b,880fad59-9c38-3a21-a39f-ccc801502ab3,Maurice742 Pollich983,M,GENERAL PRACTICE,799 CONCORD AVENUE,CAMBRIDGE,MA,021381048,42.390849395521705,-71.1556550001627,5,0
39e4247a-c5c0-3690-a11c-159ec3ac3560,352f2e3b-0708-3eb4-9f7e-e73a685bf379,Gregg522 Willms744,M,GENERAL PRACTICE,157 UNION ST,SOUTHBOROUGH,MA,017721215,42.3056501,-71.5245087,3,0
78b60545-2aab-3f17-82a2-86e7c4c8718c,e34d8448-8b98-3f91-9fe7-faeb8a78e1db,Jill895 Monahan736,F,GENERAL PRACTICE,NEW ENGLAND SINAI HOSPITAL,MILTON,MA,021862377,42.2501425,-71.065573,31,0
f4c05514-75d5-370f-837d-85320705b579,2164ee72-e9d8-312a-8bf4-a4abc55771b7,Alva958 Ritchie586,M,GENERAL PRACTICE,84 CHAPIN ST,SOUTHBRIDGE,MA,015502408,42.073771750000006,-72.03709326666669,1,0
05391167-0f03-328b-8637-c36933257014,a2d45ee8-b930-3169-b612-f602961ad212,Valentine262 Leannon79,M,GENERAL PRACTICE,37 MINUTEMAN WAY,SHREWSBURY,MA,015452229,42.288207,-71.73443816915585,39,0
72503361-bc65-330b-b95b-29aba08ded80,0fa1cab9-83c1-3c85-b7bc-53d8b922e2f7,Annita733 Frami345,F,GENERAL PRACTICE,115 LINCOLN STREET,WORCESTER,MA,016081216,42.2768165,-71.795274,364,0
f408fc18-53b5-3db7-9e52-02265786adc6,817f4acb-0184-3146-9ce0-87197d8f115a,Julienne688 Buckridge80,F,GENERAL PRACTICE,30 NEWCROSSING RD STE 301,READING,MA,01867,42.51809619399502,-71.0959083715027,27,0
f9cd1b7c-3ac6-325c-a4ea-79d1d45cfeec,10ffe7b1-2f94-3f12-9288-679da05a1ec9,Brendan864 Hintz995,M,GENERAL PRACTICE,133 LITTLETON RD,WESTFORD,MA,01886,42.57056335,-71.41736646422413,29,0
777c6f65-3bc7-3150-84e7-37d2308e9d34,fa34d205-5ac2-3ba2-80a4-bef345dc57f5,Lamar193 Daniel959,M,GENERAL PRACTICE,37 BROADWAY,ARLINGTON,MA,024745552,42.408086,-71.135914,2,0
9eb01996-4a40-3480-88c0-e4a774df5eb0,2b97893e-dc50-378b-a266-f089b8450329,Magdalena964 Torphy630,F,GENERAL PRACTICE,250 MOUNT VERNON ST,DORCHESTER,MA,021253120,42.3194571,-71.04610844302991,71,0
ee9ea662-ded3-3111-8cee-ca2e0d562d0f,d0894f6b-78d7-338d-82ad-b63de4d40014,Dewayne363 Lemke654,M,GENERAL PRACTICE,330 MOUNT AUBURN STREET,WALTHAM,MA,02452,42.3756401,-71.2358004,829,0
3c1f0b40-ec93-3aa1-87c2-78d152de23fc,f43f97f2-af04-3ed0-a42e-3681718cc9b2,Jacques50 Quigley282,M,GENERAL PRACTICE,725 NORTH ST,PITTSFIELD,MA,012014109,42.4600752,-73.2492795834909,17,0
0006d8c7-6b67-33d4-99f3-a8a53bf00073,fd5342f0-10c0-3f48-9c7e-7100a64db139,Ricardo560 Puga7,M,GENERAL PRACTICE,30 PRINCETON BOULEVARD,LOWELL,MA,018512405,42.6353691,-71.3322833,2,0
3ba1d086-d718-3844-b37d-531c3603efd1,e119dcbb-0c33-3ec1-bf97-5f477799e5cb,Karey608 Kerluke267,F,GENERAL PRACTICE,312 MILLBURY AVENUE,MILLBURY,MA,015273622,42.22515325,-71.75735371350069,2,0
3c780d21-a9cd-31c9-8891-4457fa8f55d7,edd58f69-ad5f-346b-b1f9-530ccdc895f6,Johnathan55 Padberg411,M,GENERAL PRACTICE,52 CARPENTER ST,ATTLEBORO,MA,027032472,41.9369576,-71.27996091755344,50,0
4b41dbc4-f9b2-324f-bfaa-d73a685f228a,94ac48ba-e215-3ab9-ba88-a0b926d29cef,Nerissa37 Hahn503,F,GENERAL PRACTICE,300 WINTHROP STREET,MEDFORD,MA,021552311,42.421527,-71.11834,3,0
d796ffe7-6a01-365b-949b-1fe4f28b86ad,069b90f9-309b-35e4-b990-d1dbacb962cc,Leo278 Strosin214,F,GENERAL PRACTICE,36 LOWER WESTFIELD ROAD,HOLYOKE,MA,010402749,42.16975305,-72.63488031242107,6,0
db3aa37c-a1ec-34d9-9200-02263fa4a2ab,d087a353-12da-3785-b121-fb1291f8a721,Ettie537 Baumbach677,F,GENERAL PRACTICE,17 CLARENCE ST,WORCESTER,MA,016052430,42.287673653061226,-71.80890779591836,82,0
65999066-093b-31c5-8450-2bff6fbe7481,2c2e6afc-9578-3ba5-bb12-eed97d3a823b,Ernie189 Schroeder447,M,GENERAL PRACTICE,405 RIVER ST,MATTAPAN,MA,021262210,42.2699017,-71.09061872585616,1,0
051c8763-3b41-3efa-940c-93dd192c3b8a,a2047ff6-62f2-34d7-beb9-7e164d989c75,Frederic454 Larkin917,M,GENERAL PRACTICE,1200 CENTRE STREET,ROSLINDALE,MA,021311011,42.29768,-71.130463,14,0
90fc6b75-c8e6-3c3d-a33b-1db58c6f0ef2,936ceb96-2b12-371f-aa68-ee02a9c06f4c,Alan320 Keeling57,M,GENERAL PRACTICE,225 BOSTON ST,LYNN,MA,019043124,42.470497449999996,-70.96003668151566,12,0
6f6701c4-f978-3e63-86e0-9a828d631674,a855314b-4fb5-37fc-8015-5caa96c928b1,Erica194 Kiehn525,F,GENERAL PRACTICE,759 CHESTNUT ST,SPRINGFIELD,MA,011991001,42.121522049999996,-72.60300615153007,679,0
d20d391d-b5fa-3d9e-b7b9-8f5125d84762,48a6d3ab-50ef-349e-8945-2558a78f378e,Mercy752 Kuhlman484,F,GENERAL PRACTICE,795 MIDDLE ST,SWANSEA,MA,027774114,41.730919,-71.208117,64,0
923471ed-b51e-38bc-b5e3-da12c5d24b4f,0a8a4b11-d0b8-3cd2-92cd-983de5189cfa,Angelena945 Nicolas769,F,GENERAL PRACTICE,111 BIRCH STREET,LYNN,MA,019021574,42.47859105,-70.93458444045801,4,0
45341b98-e1d2-3f71-9f18-c6f2c3f7e84c,cabc0f0d-dcca-34a2-bc6b-519ed1cc7f74,Elicia233 Huels583,F,GENERAL PRACTICE,191 MERRIMACK ST STE 712,HAVERHILL,MA,018306199,42.7742236,-71.08181133783422,15,0
ec279075-f65f-323c-bf7e-fc9d1d7644c4,7b7ce654-a413-37d1-9d34-97240c0ac580,Liberty95 Kihn564,F,GENERAL PRACTICE,1 WRENTHAM ST,BELLINGHAM,MA,020192532,42.025037350000005,-71.48945118224057,29,0
68b9c27a-1d8c-34bc-a0fc-2fc47936b7b9,746d44ea-be0d-39c5-8729-50bc9b30690b,Vikki110 Abernathy524,F,GENERAL PRACTICE,29 CRAFTS STREET,NEWTON,MA,024581271,42.3548137,-71.1999357,22,0
8068d7ea-5cfe-3f68-8d0c-ddcf97d7f0fc,880c8804-deb0-35b0-9132-06950118b8b3,Sherron201 Flatley871,F,GENERAL PRACTICE,150 LINCOLN STREET,NEEDHAM,MA,024922914,42.2743931,-71.23662905222776,4,0
85cf5589-3f29-32b1-82ce-3e8f92659526,3e97ce4f-3ad7-3cea-883f-e2bb4ca89d83,Fidel864 Swift555,M,GENERAL PRACTICE,30 NEW CROSSING RD,READING,MA,018673270,42.51809619399502,-71.0959083715027,8,0
20ada989-ebe2-3be5-a4d9-fbea08b5396d,46daa26f-fda5-38a9-9c45-fda430d28fa6,Trenton748 Bernier607,M,GENERAL PRACTICE,25 RAILROAD SQUARE  SUITE 501,HAVERHILL,MA,018325721,42.7736752,-71.08561759491305,2,0
e189aba8-1636-32b4-a75a-b06c7a63a6f4,c0132cf6-1703-3aad-89b4-cc2f2bbc123e,Lovie151 Schoen8,F,GENERAL PRACTICE,66 NEWTON STREET,WALTHAM,MA,024536058,42.3746705,-71.22789736306842,35,0
e867545b-d14c-3675-8584-31fd254d7706,4f59f709-8b84-3d27-a04b-c6b7b5544413,Barbara209 Aranda843,F,GENERAL PRACTICE,70 BOLTWOOD WALK,AMHERST,MA,010022271,42.3768779,-72.51840280783739,30,0
20ef234f-a9d8-3b9a-9bc4-f67f7ffaca81,36d328a2-68bb-3967-a9bf-00897a7c945f,Jettie913 Rodriguez71,F,GENERAL PRACTICE,299 WAREHAM STREET,MIDDLEBORO,MA,023462905,41.869676,-70.873384,1,0
6dd992a0-1d60-3254-982e-64fe51d085a5,79d49935-bcc0-36ca-920b-45365c367438,Jamel269 Hudson301,M,GENERAL PRACTICE,409 W BROADWAY,SOUTH BOSTON,MA,021272245,42.336831,-71.047958,95,0
aa4778af-ef83-32ca-b8d1-b1e880a4ef1e,0f2c58ec-5323-3c0f-9bdf-af0df7eb2a2b,Mana631 Boehm581,F,GENERAL PRACTICE,130 DORCHESTER STREET,SOUTH BOSTON,MA,021272642,42.3334312,-71.0494949,9,0
e8605ce2-1a40-3a1c-ac1d-7b768bfbe6e5,680532c8-2661-3b39-875a-b6ec0746ccf5,Jolyn4 Dach178,F,GENERAL PRACTICE,30 ATHOL ST,ALLSTON,MA,021341124,42.36075595,-71.13397379082869,42,0
70a78863-124f-30df-b1ac-4b3e5d24ab02,cc400ddc-c38d-3604-8d89-cea21555719f,Fritz267 Kirlin939,M,GENERAL PRACTICE,87 CHESTNUT ST,NATICK,MA,017603644,42.293559188306446,-71.35158050924959,13,0
ce7da25e-e297-3d02-9f23-0a1aa762e0b8,51370692-6296-3150-8672-559fc73f964f,Almeda560 Okuneva707,F,GENERAL PRACTICE,75 FRANCIS ST,WEST BRIDGEWATER,MA,023791542,42.0219112,-71.019004,252,0
c0692e77-8242-3cb4-bfe1-30c4c8dc7c63,dd8f40be-2c90-347a-abf6-c07a5ad4148f,Kirstin394 Bashirian201,F,GENERAL PRACTICE,105 CHESTNUT ST,NEEDHAM,MA,024922520,42.2784618,-71.23770041644639,30,0
650bcdcf-7e6b-3e92-a6d6-5f6de15dbdd7,2836d9ac-c6a6-39d1-8f13-fdf0fc8928f4,Alysha630 Koch169,F,GENERAL PRACTICE,365 EAST ST,TEWKSBURY,MA,018761950,42.6069472,-71.2180803,108,0
805afbf3-5779-3d8d-a562-23eb85428046,7dddc0c2-9f1d-3e4e-b2f2-fc7e6abbed31,Bryan958 Gibson10,M,GENERAL PRACTICE,160 MERRIMACK STREET  SUITE 1,METHUEN,MA,018446117,42.7334079,-71.13599310716302,3,0
0a43e751-0087-3339-84ea-a15244f99527,f22bc2ac-f8bd-3f9f-9a40-93db37639d3f,Kirk871 Erdman779,M,GENERAL PRACTICE,735 ATTUCKS LN,HYANNIS,MA,026011867,41.6747631,-70.29768515601289,113,0
6571fe69-34d6-3984-8f0e-879317ee8e60,04b252db-4231-3cb5-963d-6f096fb4b97c,Horace32 Grady603,M,GENERAL PRACTICE,1177 PROVIDENCE HIGHWAY,NORWOOD,MA,020625019,42.194543,-71.1994976,6,0
07be7bcc-d7ad-3570-9c10-9cf910a675a7,83579123-f29c-39b8-9f5f-8f79e91683c7,Reggie481 Kassulke119,M,GENERAL PRACTICE,100 CENTURY DR,WORCESTER,MA,016061244,42.3138278,-71.7707002,52,0
05c877a3-7c1b-311e-9661-3a27cb3b873a,e2eab39c-5195-34aa-b35f-e89e37cfed01,Miguel815 Roberts511,M,GENERAL PRACTICE,55 FOGG ROAD,WEYMOUTH,MA,021893141,42.175539799999996,-70.9539153674405,132,0
37cc4d3d-6b5f-3f39-b538-cf330faa5609,4fa8411f-42f8-3353-8947-bf15254c9dee,Jess275 Gutmann970,M,GENERAL PRACTICE,90 GREENWOOD STREET,WAKEFIELD,MA,018804039,42.476321150000004,-71.06922169005762,3,0
6148360d-7c57-3a22-a99e-13ad0849a317,f52777bd-7313-3b27-8dd5-cd3f87bd3275,Shane235 Torphy630,M,GENERAL PRACTICE,9 HOPE AVE,WESTWOOD,MA,020902914,42.2139873,-71.2244987,38,0
abbac324-3b9d-3d45-bde3-ddeca8154f11,4705a8fd-19cd-32c1-8b3e-34bcfe84d0bd,Wynell591 Mayert710,F,GENERAL PRACTICE,55 N WASHINGTON ST,NORTH ATTLEBORO,MA,027601607,41.983529,-71.332241,54,0
6c5427bd-4f81-3290-99c3-cd6a085a7a83,497f39dd-280e-3d58-af5b-c5e3a3a09b10,Arden380 Bergstrom287,M,GENERAL PRACTICE,27 PARK ST,HYANNIS,MA,026015230,41.65363635,-70.27352219234834,272,0
8af8c029-c0d7-3a14-82d3-26a2329aceac,0d7fd824-1c7b-3f8b-a662-f6c2005e82e1,Arminda86 Trantow673,F,GENERAL PRACTICE,88 MASONIC HOME ROAD,CHARLTON,MA,015071394,42.1389039,-71.9782681,6,0
c4a9a99e-be52-3308-b616-a28198049688,ed0c5b98-dc8a-3fc9-9856-61f1a1c75b11,Werner409 Gerhold939,M,GENERAL PRACTICE,40 JULIO DR,SHREWSBURY,MA,015453010,42.29191827853838,-71.70343631978118,1,0
6ba576b2-ce3a-3dc8-a33e-50ec20890174,accb8cdd-6560-3fef-b0a6-f12c3295026a,Gerardo48 Bergstrom287,M,GENERAL PRACTICE,969 PARK STREET,ATTLEBORO,MA,027035115,41.9266899,-71.2611303145582,14,0
8140ebef-9f84-31eb-a090-a68355bb0d4d,1ab2b5f9-cb95-3236-beec-9b9d4a407c61,Carroll471 Eichmann909,M,GENERAL PRACTICE,725 NORTH ST,PITTSFIELD,MA,012014109,42.4600752,-73.2492795834909,84,0
0d433ab8-c914-38c3-9a8f-81d104f2dcec,a43fd704-ddbc-3f63-b3a0-e97c5d42ab5e,Booker670 Bogan287,M,GENERAL PRACTICE,447 HILL ST,WHITINSVILLE,MA,015881016,42.1216837,-71.6715608,1,0
d53a2308-41a1-37d5-9173-2380272d923d,41e2a44c-477c-3511-96f9-12c476aa3b6a,Antwan357 Lindgren255,M,GENERAL PRACTICE,85 E NEWTON ST,BOSTON,MA,021183553,42.336277100000004,-71.07085295687423,198,0
053d1a28-d38d-30f2-89a9-bfe8a11b17e4,9d41e4fc-9507-3ddb-82ad-966046fca031,Cleo27 Lehner980,M,GENERAL PRACTICE,104 RANDOLPH ROAD,WORCESTER,MA,016062465,42.29955605000001,-71.79838133819244,24,0
3044fae8-2e2c-3f44-b7d6-74cd68d72b75,5b0cd0a0-f277-3a66-bee6-d64b5be4a3f5,Maryann106 Hintz995,F,GENERAL PRACTICE,725 NORTH ST,PITTSFIELD,MA,012015493,42.4600752,-73.2492795834909,42,0
0fad7f5b-c735-3ccf-a391-8d928e0f57ac,ad2dab07-4f85-3950-baaa-7c7cd2aa770c,Gertrud593 Kuhic920,F,GENERAL PRACTICE,55 LAKE AVENUE NORTH,WORCESTER,MA,016550002,42.2774799,-71.76166994969458,53,0
c09ab59b-2fe0-3249-bc0b-e92e9ceaa589,67d2f85b-ddc7-3ed0-b90b-6fa5b7b8358a,Marshall526 Jenkins714,M,GENERAL PRACTICE,43 FOUNDRY AVE,WALTHAM,MA,024538313,42.37050535,-71.21908334877376,176,0
f0e851d5-c370-3b0e-9277-519956292f53,0d9b0d22-585e-3fd8-ab02-26b5be7915d1,Duane703 Koelpin146,M,GENERAL PRACTICE,516 CAREW ST,SPRINGFIELD,MA,011042330,42.12133575,-72.59217953646302,878,0
7d730f0b-6e69-3ef1-a645-bf6949355ace,d3335d07-2a2c-35d7-9b87-c022393b6793,Sofia418 Ulibarri312,F,GENERAL PRACTICE,137 NICHOLS STREET,NORWOOD,MA,020622009,42.1930792,-71.20868232395514,4,0
97efdda2-1ebe-3058-9e74-6958db35c3fe,0d1570ab-371c-3898-9397-95905d8c5166,Santina680 Dicki44,F,GENERAL PRACTICE,750 WASHINGTON ST,BOSTON,MA,021111552,42.3499038,-71.0631836,172,0
ee4525f6-9cb5-38ef-a542-094ce29a8366,1853aeef-5897-326a-80d6-aa4b0459eb6d,Kendra609 Kassulke119,F,GENERAL PRACTICE,381 WICKENDEN ST,ATTLEBORO,MA,027032247,41.9438129,-71.2806515,4,0
14593528-10d6-3633-a38d-85c81786fb3e,f3030ee3-dfa5-3595-b684-9769e52a580a,Etsuko685 Torp761,F,GENERAL PRACTICE,88 MASONIC HOME ROAD  DAVENPORT BLDG  2ND FL,WEST SPRINGFIELD,MA,010891357,42.105237,-72.6213712,17,0
2523233a-aea8-3918-8e44-446688ca0dbd,94dda4e1-7476-367a-b1f8-37ea7f61a1b7,Yolanda648 Vargas494,F,GENERAL PRACTICE,145 WARD HILL AVENUE,WESTBOROUGH,MA,015811017,42.2694308,-71.6129907,44,0
4afaec09-94a6-3dd4-8454-5ea638e1c0ea,8a87ef73-eaa2-340a-bec5-c3cef01ef836,Raymond398 Rodriguez71,M,GENERAL PRACTICE,3 PARK DR,WESTFORD,MA,018863511,42.556814700000004,-71.43463308318695,1,0
45dee3c1-90ef-34d3-8805-8e2d66ad6e0a,c0a33465-d309-3d2a-932e-9d554a7cc19c,Rosario163 Gamboa193,F,GENERAL PRACTICE,100 CENTURY DR,WORCESTER,MA,016061244,42.3138278,-71.7707002,165,0
33888880-2f85-37f9-b836-65045a07c6e8,0a689d33-2b0d-3942-8de8-e28812e91c69,Clora637 Pagac496,F,GENERAL PRACTICE,47 SEAVERNS AVE # 5,BROOKLINE,MA,024463806,42.3317642,-71.1211635,32,0
a14a9655-1a0a-3a89-8917-f8878a3244f5,e02d9c87-52cb-3f3c-9f97-fe95f260c437,Elisabeth967 Hoeger474,F,GENERAL PRACTICE,321 MANLEY STREET,WEST BRIDGEWATER,MA,023791022,42.0338457,-71.05496436428572,12,0
b526d3e6-fa4d-3d06-850e-0bc2aeb5ab94,6e517750-a29e-3170-a02b-5733ff523458,Margarita164 Abbott774,F,GENERAL PRACTICE,101 BARRY RD,WORCESTER,MA,016091275,42.3030701,-71.8333408960994,33,0
034b5b19-b32e-30fb-bcaa-098bfc11fa99,1b3fe590-8793-3f08-865d-01fc425a84d4,Fredrick998 Wintheiser220,M,GENERAL PRACTICE,1340 BOYLSTON ST,BOSTON,MA,022154302,42.34392675,-71.09888049065322,169,0
2248f856-2e42-3a87-9f2b-28124bf6c5ab,8af3b144-0e1a-3c90-937d-81a4ed026080,Guillermo498 Fay398,M,GENERAL PRACTICE,800 WASHINGTON STREET,NORWOOD,MA,020623489,42.1886973,-71.2005241,1,0
428721f2-d793-3f89-af93-ade2e9b9a3c4,9fdce5d5-d4d0-3156-a8d5-8757bfe4e9b3,Pamelia915 Kilback373,F,GENERAL PRACTICE,1 FARMER CIR,ARLINGTON,MA,024742866,42.42405225,-71.16792616556859,32,0
23db1700-321f-3519-b6aa-44d9d03c85f8,b014aec7-7bd8-351f-8808-3e280cbc5be6,Sergio619 Volkman526,M,GENERAL PRACTICE,70 EAST ST,HAVERHILL,MA,018306700,42.7777829,-71.0767724,4,0
17bf0902-5028-35f0-bc63-07d9167a9f9a,b3b56527-d366-3353-bca9-266a12f23051,Obdulia648 Schroeder447,F,GENERAL PRACTICE,60 QUAKER HIGHWAY,UXBRIDGE,MA,015691628,42.06100105,-71.62352848737622,8,0
6e158b4c-1a5b-3edf-9fb0-9dbf4570ffb6,f1664435-2eca-3eff-bd1a-13701e7ad1bd,Elvin140 Marks830,M,GENERAL PRACTICE,300 PASTEUR DRIVE,NEWTON,MA,024592058,42.3370414,-71.2092214,62,0
12355f09-4dbb-3d57-a358-4a84d4b9e64b,125eccb3-d003-34ea-9bd8-360dff059782,Mickey576 Gerlach374,M,GENERAL PRACTICE,125 PARKER HILL AVENUE,DEDHAM,MA,020266146,42.2489143,-71.1755732,2,0
8bef899a-a39c-3f46-acaf-582a89a3db66,c5742266-625d-3824-9ed3-4b5c6bc3e296,Erica194 Goyette777,F,GENERAL PRACTICE,22 BRAMHALL ST,SCITUATE,MA,020664312,42.1939754,-70.7697128,63,0
fce21ab1-ef29-342b-a665-0578bbed293f,b93ffa11-ffab-3fe0-8c28-657817801192,Burt293 Berge125,M,GENERAL PRACTICE,9 MAPLE ST,WILBRAHAM,MA,010951730,42.150018599999996,-72.42537320933242,1,0
313f2c58-8945-3dbc-a36a-674ce5b897b7,a1a024f0-95e2-3db4-a771-e2f17c5da162,Shella455 Schmidt332,F,GENERAL PRACTICE,18 NEWTON ST,BROCKTON,MA,023015115,42.0785392,-71.02602473630952,120,0
aff8ed70-0d60-39a7-8e18-9de4a9893f35,aad05540-c9cb-3805-b3c4-f9b9d9b42b2e,Quentin28 Fritsch593,M,GENERAL PRACTICE,821 E MAIN ST STE 3,CHICOPEE,MA,010206306,42.155774795300516,-72.55672263289513,332,0
38f83cff-f5ad-33be-b877-97af00e99fa2,19a3afba-b409-3650-a0ab-f3faf6e391ef,Haywood675 Strosin214,M,GENERAL PRACTICE,199 REEDSDALE RD,WALTHAM,MA,024511433,42.3756401,-71.2358004,261,0
a19a2059-8c04-3cbe-855b-581282e842e9,76b7dbb5-0a02-32a4-9a01-3511f7e45016,Jerrold404 Satterfield305,M,GENERAL PRACTICE,59 COUNTRY WAY,SCITUATE,MA,020663746,42.1806871,-70.74862935148246,8,0
39c3c74b-b882-32e7-986f-51453a1ca401,25c85bcc-7e25-36bc-89e8-08e0d473db23,Sharron285 Okuneva707,F,GENERAL PRACTICE,138 S MAIN ST STE 14,MILFORD,MA,017573272,42.1270746,-71.51639128815474,257,0
3bd2a793-a99d-336f-b2f6-96c4f10c3261,671a8184-bf6f-3ec2-b307-3ff70e604912,Carrol931 Hyatt152,M,GENERAL PRACTICE,405 GROVE ST,WORCESTER,MA,016041086,42.28737115,-71.80791697272812,33,0
b6fb5edb-0a20-3cbc-8828-af2f97aba35b,c9aabcbd-d4e0-391f-8980-d0be6934ea82,Shonda871 Leffler128,F,GENERAL PRACTICE,340 PLEASANT ST,BROCKTON,MA,023013236,42.08764334999999,-71.03287346676532,54,0
97c877d9-838f-3ae4-b692-a64f5136231e,d9b71ccf-6649-3555-9e99-44eac0af257f,Javier97 Collier206,M,GENERAL PRACTICE,655 DEDHAM ST,WRENTHAM,MA,020931135,42.084901,-71.30689224201797,23,0
302a89e9-0b22-3c05-a821-a246fe5eca11,d6c165ec-d9ca-35a5-9bc8-2061cbfb83a2,Linn541 Lynch190,F,GENERAL PRACTICE,10 ADAMS ST,NORTH CHELMSFORD,MA,018631780,42.6389249,-71.3840196,22,0
7fce9c41-ba1c-3e74-baa5-0110a5b115dc,cbebae9e-f95e-3d2c-9712-289ea8d6aeec,George991 Haley279,M,GENERAL PRACTICE,49 ROBINWOOD AVENUE,QUINCY,MA,021698130,42.2509914,-71.0037374,32,0
0a642002-7a10-3406-a971-2a062bada5d6,1cec4304-9757-3a10-ad4f-7e2090c56131,Theo630 Rohan584,M,GENERAL PRACTICE,55 LAKE AVE N,WORCESTER,MA,016550002,42.2774799,-71.76166994969458,351,0
fe13751b-41fe-376a-b988-87e50c3e4b3c,5862e05c-9533-3f7a-8f73-215d50f5ee2f,Estell607 Barton704,F,GENERAL PRACTICE,1200 CENTRE ST,ROSLINDALE,MA,021311000,42.29768,-71.130463,160,0
94f50bff-ef6e-3330-b527-a0e26468a617,ec7e487e-7e78-3eac-a9ee-37f8de98a0f9,Sid118 Hammes673,M,GENERAL PRACTICE,277 WASHINGTON STREET,ABINGTON,MA,023512489,42.10060947239023,-70.94967338146704,7,0
7ab542a0-e345-32ca-aaa0-0e9ed62de0e0,ad482681-b4c4-3fce-ac59-78c83d31b0ba,Carmelo33 Turner526,M,GENERAL PRACTICE,130 CHESTNUT ST,FRANKLIN,MA,020383903,42.08345955,-71.38413379825735,6,0
b1b97a60-36e7-3f88-8bf0-f9ae98234e34,9485907a-9f9c-3c19-a424-b402ee8f99c2,Tynisha348 Bogisich202,F,GENERAL PRACTICE,101 PLANTATION STREET,WORCESTER,MA,016043025,42.258026400000006,-71.78384882397785,41,0
c8f87876-8265-3734-ac3e-9a1f4efc8999,9b8a7a25-b923-3710-9f3c-d42919a3f54f,Kayce253 Ondricka197,F,GENERAL PRACTICE,146 MAIN ST,MAYNARD,MA,017542651,42.4309786,-71.4552968,22,0
0842a20f-7eed-3f4d-befd-0f6cdbf2e4dc,62b55e5b-b58f-354d-8f2d-f2a330bc619e,Paz9 Gerlach374,F,GENERAL PRACTICE,201 HIGHLAND ST,CLINTON,MA,015101037,42.42738865,-71.69329092351188,27,0
61945ffb-4ffb-382a-8193-b247de4a089f,966245ce-e84d-36b0-a838-2e0b5bb2e668,Pei116 Crooks415,F,GENERAL PRACTICE,1425 BLUE HILL AVENUE,MATTAPAN,MA,021262122,42.2754929,-71.09384131587021,6,0
70402759-5ab3-33fc-9566-d153881d2ca6,b574fc4f-313c-38a4-9baf-7e12e431a499,Steven797 Schulist381,M,GENERAL PRACTICE,511 W GROVE ST,MIDDLEBORO,MA,023461479,41.90036455,-70.9535889372234,24,0
bedff27e-3ee0-3741-b228-a1a086d294f8,845fbd9b-2d1c-39a8-8261-28ae40e4fab2,Bennett146 Rippin620,M,GENERAL PRACTICE,14 PROSPECT STREET,UPTON,MA,015681431,42.1700209025178,-71.59409308099494,235,0
149830f7-3804-38ec-b074-5d9db158fd12,946ec45f-5c4a-361f-b158-927144864133,Glynda607 Harvey63,F,GENERAL PRACTICE,19 MIDSTATE DRIVE  SUITE 130,AUBURN,MA,015011856,42.1894693,-71.85604765,1,0
f511d50e-18a1-3372-ac56-6b3d1d1c7477,bac9dc0c-cb0f-3fa6-aa12-819dd0fb922a,Floy720 Greenfelder433,F,GENERAL PRACTICE,1493 CAMBRIDGE ST,SOMERVILLE,MA,021452935,42.3875968,-71.0994968,12,0
e1138caf-e00b-3198-8f66-d61695ce86ba,84d5768f-3a21-3da9-aad2-bbf7a3ae2700,Elba502 Schneider199,F,GENERAL PRACTICE,817 MERRIMACK ST,LOWELL,MA,018543548,42.650296999999995,-71.32263756223612,19,0
b1736c76-77d1-3095-a3fc-93b522aed739,9ce6072b-d039-3cde-8eaf-950211b8ae88,Vicente970 Portillo767,M,GENERAL PRACTICE,147 S MAIN ST,MIDDLETON,MA,019492446,42.585787222720036,-71.00861442427218,5,0
621aa486-3819-3cfc-9221-f4db9b27cb48,2576629d-4a1a-3a63-8c08-779cbd8ef98b,Naoma512 Bashirian201,F,GENERAL PRACTICE,204 MAIN ST,ORLEANS,MA,026533428,41.78516795,-69.96772048551409,51,0
7d5e09f7-ba0d-3141-85ea-3ee853635318,af8566eb-8918-3ec7-ba44-92b6a2cf8097,Trevor374 Walker122,M,GENERAL PRACTICE,81 HIGHLAND AVE,SALEM,MA,019702714,42.5112107,-70.90516241826194,10,0
d4858a43-cf7f-3908-ae17-953132fbfdd1,d1d4d104-68cb-356b-9086-888de7d2826f,Deandre599 Windler79,M,GENERAL PRACTICE,61 Lincoln Street  Suite 112,Framingham,MA,01702,42.28348,-71.41845,77,0
41a5c41d-4896-383d-9ed8-3da58eb16940,42c13743-f36f-370a-a5ca-3e3c9795e02d,Tiffani287 Toy286,F,GENERAL PRACTICE,17 CHIPMAN WAY,KINGSTON,MA,023641039,42.0115267956362,-70.78988939618995,2,0
0398c83e-bcd4-32ef-868c-c78335b66cd7,058176fd-cbb0-328b-8411-c19f5045032d,Breana975 Sanford861,F,GENERAL PRACTICE,840 EMERSON GARDENS ROAD,LEXINGTON,MA,02420,42.43761961817366,-71.19888753880475,5,0
97809d70-7146-3ef0-a30c-828c2cdd92c5,4f5e8f16-a31b-3071-8556-d7188ede313d,Barrett790 Wolf938,M,GENERAL PRACTICE,575 BEECH ST,HOLYOKE,MA,010402223,42.20105435,-72.628169560868,286,0
4ea73aa8-f8c3-3364-94dd-bcc33828c981,69cb2157-b620-3c51-9c94-f516462d2d55,Anh979 Schroeder447,F,GENERAL PRACTICE,11 WATER ST,ARLINGTON,MA,02476,42.41642055,-71.15424293038585,38,0
8bae862f-f694-3982-a5e1-5e2ee37bda30,218e58e4-9642-3ebd-9b39-34d15f22c620,Jung484 Lowe577,F,GENERAL PRACTICE,977 MAIN ST,WALTHAM,MA,024517406,42.376452150000006,-71.25063779999999,107,0
491b10dc-cc64-3772-8059-49746764457d,9a20d707-68e4-32c0-b2b2-2f5d5c2012cd,Lorinda137 Pouros728,F,GENERAL PRACTICE,131 CAMBRIDGE ST STE 1,BURLINGTON,MA,018033711,42.50284395,-71.19574553661971,38,0
81e44e66-23ae-3b43-a470-9083d897bb38,071a898d-3535-39fd-bf61-d33301aacd04,Felicidad691 Luettgen772,F,GENERAL PRACTICE,104 CHARLES ELDRIDGE RD,LAKEVILLE,MA,023471370,41.8459353,-70.9494854,43,0
c200801c-5337-3cd6-b335-ad4f978dd247,a25107f7-f4f5-36fc-98e4-f3e1b5875c91,Yesenia104 Wilderman619,F,GENERAL PRACTICE,1285 BEACON ST,WOBURN,MA,018012157,42.4979478,-71.1684508,13,0
13633223-1234-3a21-af36-695b6fe19c6f,0e6c3ad1-24c1-34cb-bb6d-e8438fa319e2,Vern731 Casper496,M,GENERAL PRACTICE,50 DODGE ST,SWAMPSCOTT,MA,019071300,42.4699241,-70.9171507,1,0
7da0fa01-22af-357d-9d21-e22f546c30ed,43ee6bb5-8efa-3bfc-8ca8-1579a5267753,Shawanna357 Roob72,F,GENERAL PRACTICE,235 N PEARL ST,BROCKTON,MA,023011794,42.09805395,-71.0609587194362,1,0
132ca5ce-aae4-3d4d-97b7-66fb42cc7a6f,3695125c-c052-3ece-898a-2a6448987ae5,Rosanna866 DuBuque211,F,GENERAL PRACTICE,2040 BOSTON RD STE 5,WILBRAHAM,MA,010951380,42.150295650000004,-72.47288272264812,229,0
e1dad11b-073f-3275-8a83-b91a2fff4a7d,bdd9ad72-443a-3563-a626-4c45f6d058b2,Angele108 Bogan287,F,GENERAL PRACTICE,147 PELHAM STREET,WORCESTER,MA,016072105,42.265209,-71.814005,46,0
ac509a96-a2e9-3283-bbbc-6a91d56fdb02,05fcf001-ab24-3d7d-85f7-f64942d82738,Leonarda398 Schumm995,F,GENERAL PRACTICE,250 POND STREET,FRAMINGHAM,MA,017014592,42.2838619,-71.4093719,509,0
22adb89f-523d-31c0-ab32-5b84508df3d7,e87cda4c-1ad8-3a9e-b55f-7bfe987610ce,Josh874 Bechtelar572,M,GENERAL PRACTICE,326 NICHOLS RD,FITCHBURG,MA,014201914,42.5974358,-71.80761197366103,28,0
f1aea399-e86b-39e2-a2da-df50355e2925,e5d50afe-8c7d-35f5-96f5-fb8941403b0f,Justin359 Hayes766,M,GENERAL PRACTICE,125 S CLARK ST STE 900,FALL RIVER,MA,02722,41.74223,-71.129706,41,0
21d34e06-0e07-3ff6-80d4-9d0e3d3a17e7,9adfae03-673d-365d-9052-f705098fa3e4,Daniel959 Wolff180,M,GENERAL PRACTICE,51 BLOSSOM ST,BOSTON,MA,021142699,42.36305545,-71.06643399281765,75,0
e7f1e0d0-bdcf-3d1d-9c33-0027619eb15d,48a07866-e8d7-3268-aa3c-ca3237c8e6f3,Moshe758 Stamm704,M,GENERAL PRACTICE,188 PROVIDENCE ST,HYDE PARK,MA,021361861,42.2682551,-71.12174592925336,57,0
478d1c11-3eb4-3458-9357-27ef2c2ab95c,25431f9a-00e4-36d8-9810-4125328eec50,Kati243 Ruecker817,F,GENERAL PRACTICE,55 FRUIT ST,WALTHAM,MA,02451,42.3756401,-71.2358004,229,0
4abbb775-770e-33f1-b0ca-4303948fd388,89171335-b9c0-3326-98d6-a837d432b9fd,Louis204 Hauck852,M,GENERAL PRACTICE,150 FLANDERS ROAD,LYNN,MA,019042915,42.466763,-70.9494939,4,0
451cd474-fe66-3307-9f56-96469c76310e,01bde980-bf89-3138-8912-7360dff33247,Caroline183 Lang846,F,GENERAL PRACTICE,456 PARK AVE,WORCESTER,MA,016101254,42.25512735,-71.82580924803523,2,0
ac897113-6cac-3ca2-bc54-ccb7317a5bc2,217cb6f6-e822-3831-9d9d-ffa104971042,Cira533 Jakubowski832,F,GENERAL PRACTICE,2 REHABILITATION WAY,WOBURN,MA,018016003,42.46352265,-71.161925472006,151,0
7df4279f-01f4-39d6-93b5-75b5d0edc888,e2a8b444-9b8f-36ff-84c4-05ee98589482,Elmer371 Gusikowski974,M,GENERAL PRACTICE,8 SHIPWAY PL # C-8,CHARLESTOWN,MA,021294301,42.3778749,-71.0619957,84,0
b924f434-9be5-3824-945a-ffa8bb0d93ad,e0cc7e8e-e1a4-3a02-b589-0a35741d39fe,Alla648 Towne435,F,GENERAL PRACTICE,990 PARADISE RD,SWAMPSCOTT,MA,019071831,42.48374535000001,-70.90120467000462,29,0
a4fd2510-6574-3b6a-87dd-850c4e86a391,121b0ad1-1beb-3caa-9271-3d3f726bb727,Cortez851 Price929,M,GENERAL PRACTICE,1030 MAIN STREET,WALTHAM,MA,024517447,42.375828,-71.2527956,32,0
a7789445-6869-3f71-9a52-2629d6c64f5a,f6ba791e-fe68-3596-bef4-60751db6a60e,Freeda113 Crooks415,F,GENERAL PRACTICE,37 BIRCH STREET,MILFORD,MA,017575501,42.1424349,-71.48943173357203,41,0
e439c249-0da0-350d-b634-d69ec3d2d6b9,e1892a2c-6dca-3c4c-93b7-0e00a9eb8b61,Derek111 Erdman779,M,GENERAL PRACTICE,20 EAST ST,HANOVER,MA,023391638,42.1278249,-70.82664947485381,62,0
d304db02-3fa6-302e-8508-1ae543eb418d,4d3ec6c2-f6aa-3d7b-adcc-e7107dac8530,Débora815 Esquibel766,F,GENERAL PRACTICE,14 MASONIC CIRCLE,AUBURN,MA,015011341,42.181923125,-71.86839612499999,5,0
956c7d12-51e5-396a-bb4c-93da0dc0055e,95f6c328-96dd-3fb8-a56e-9aad566094b4,Milda157 Schoen8,F,GENERAL PRACTICE,4 STONY HILL ROAD,WILBRAHAM,MA,010951027,42.1552861,-72.48384800788648,55,0
9652a309-f7f7-313a-9bc8-eba4924dd7ec,da2e8443-a0d6-3e87-b651-e2697615f4b5,Rutha66 Bergstrom287,F,GENERAL PRACTICE,2000 WASHINGTON ST,NEWTON,MA,024621624,42.332192250000006,-71.24597794166553,88,0
8fdbad82-458b-36fd-b1d1-aea3d57af29c,47602b5b-f4aa-3c73-aa26-2268ccf7a83c,Christopher407 Fisher429,M,GENERAL PRACTICE,90 LINDALL STREET,DANVERS,MA,019232125,42.574712149999996,-70.94359556912616,5,0
ec83bdb7-bb39-3d09-a233-f4f80c760d9c,312489b3-3140-3a15-82f9-4c0322cea504,Darron84 Marvin195,M,GENERAL PRACTICE,324 GROVE ST,WORCESTER,MA,01605,42.2840537,-71.80654687313569,6,0
47edfc38-4a9a-3ddf-863c-9a2bc4b574ff,941fb26d-4d24-30af-9c1b-fe0aa8e70cfa,Ignacio928 Veum823,M,GENERAL PRACTICE,1 GENERAL ST,LAWRENCE,MA,018412884,42.7097143,-71.15007700778098,31,0
bdb3516e-f068-39ff-8ee6-d5169378ec92,6d16a8e3-3569-38ab-afac-a2f8c1125085,Lynn917 Crona259,M,GENERAL PRACTICE,1010 WALTHAM STREET,LEXINGTON,MA,024218052,42.4139392,-71.22929265883278,13,0
764b8738-e423-3594-bbc5-3e033c3754df,02d7b144-352f-3eac-97db-6fc4a95bf1fa,Greta919 Reinger292,F,GENERAL PRACTICE,120 SEMINARY AVENUE,AUBURNDALE,MA,024662650,42.34002614299451,-71.24911543639162,16,0
429c86a7-9f64-3f5d-be52-9ad052b2d51b,53f086de-2fc7-3d35-92c2-aca4ed944e7f,Carisa395 Kutch271,F,GENERAL PRACTICE,1 GENERAL ST,LAWRENCE,MA,018412961,42.7097143,-71.15007700778098,301,0
d130288d-9568-302a-aab7-72537366df30,c05d73d0-b348-32ce-9fe5-13a720950f37,Rema399 McDermott739,F,GENERAL PRACTICE,45 DRUM HILL RD,CHELMSFORD,MA,018241503,42.6255635,-71.3615131,1,0
2ce1c7e1-9e43-30ba-a89a-33625ef19ede,0592d4e5-a0fb-3143-83cd-8e5a6b066a96,Mica978 Lemke654,F,GENERAL PRACTICE,20 EAST ST,HANOVER,MA,023391638,42.1278249,-70.82664947485381,24,0
26465391-59d1-3eec-8d62-ad6e86223116,6b9c5830-a278-38ff-887f-ccefd74cf8e8,Rodney21 Hettinger594,M,GENERAL PRACTICE,184 LINCOLN STREET,NORTH EASTON,MA,023561799,42.06665855,-71.11947646404934,2,0
fcc992d5-8401-38af-ae24-3d17bc8c8774,7b5bf0fc-c5c0-3f22-980b-fdfff326a9b4,Isidro558 Kling921,M,GENERAL PRACTICE,40 CUMBERLAND AVE,NORTH ATTLEBORO,MA,027604445,41.9316677,-71.35407469790115,1,0
3f9d45eb-b4d2-3f7f-b11b-937ac67e3f29,ba07b31b-bf14-39b8-be95-4c5ca5062daa,Kim439 Hyatt152,M,GENERAL PRACTICE,1575 CAMBRIDGE ST,CAMBRIDGE,MA,021384308,42.375209549999994,-71.10711344152975,299,0
7371b057-8666-375a-b67a-e510610fcb1f,064ba8c8-f6f7-3582-8f41-c963ceedfee4,Lexie163 Ankunding277,F,GENERAL PRACTICE,500 BELMONT STREET,BROCKTON,MA,023014985,42.07465845,-71.03975419622803,2,0
e2801a05-6428-3887-919c-4db107192b26,6aae7a31-90df-3455-ad8d-81f8cf2d21e8,Damaris45 Funk324,F,GENERAL PRACTICE,680 CENTRE ST,BROCKTON,MA,023023308,42.0872752,-70.9910738855076,92,0
135a1cd0-6426-3228-a01a-802958b2ae05,14036728-b721-3e4b-8755-8ee8ab6ed15e,Melodie819 Schmeler639,F,GENERAL PRACTICE,625 MOUNT AUBURN ST,CAMBRIDGE,MA,021384518,42.375351,-71.1468628,80,0
